<?xml version="1.0" encoding="UTF-8"?>
<project-private xmlns="http://www.netbeans.org/ns/project-private/1">
    <data xmlns="http://www.netbeans.org/ns/make-project-private/1">
        <activeConfTypeElem>1</activeConfTypeElem>
        <activeConfIndexElem>0</activeConfIndexElem>
    </data>
    <editor-bookmarks xmlns="http://www.netbeans.org/ns/editor-bookmarks/2" lastBookmarkId="0"/>
    <open-files xmlns="http://www.netbeans.org/ns/projectui-open-files/2">
        <group>
            <file>file:/home/sebastian/workspace/FlugTicketSystem/Buchung.cpp</file>
            <file>file:/home/sebastian/workspace/FlugTicketSystem/Flug.h</file>
            <file>file:/home/sebastian/workspace/FlugTicketSystem/Flug.cpp</file>
            <file>file:/home/sebastian/workspace/FlugTicketSystem/Flugplan.h</file>
            <file>file:/home/sebastian/workspace/FlugTicketSystem/Kunde.h</file>
            <file>file:/home/sebastian/workspace/FlugTicketSystem/Ticket.cpp</file>
            <file>file:/home/sebastian/workspace/FlugTicketSystem/CUI.cpp</file>
            <file>file:/home/sebastian/workspace/FlugTicketSystem/Flugplan.cpp</file>
            <file>file:/home/sebastian/workspace/FlugTicketSystem/CUI.h</file>
            <file>file:/home/sebastian/workspace/FlugTicketSystem/Ticket.h</file>
            <file>file:/home/sebastian/workspace/FlugTicketSystem/main.cpp</file>
            <file>file:/home/sebastian/workspace/FlugTicketSystem/Buchung.h</file>
            <file>file:/home/sebastian/workspace/FlugTicketSystem/Kunde.cpp</file>
        </group>
    </open-files>
</project-private>
